pathway,SIZE,NES,FDR
a.HALLMARK_OXIDATIVE_PHOSPHORYLATION,185,3.194773,0.0001
b.HALLMARK_PROTEIN_SECRETION,94,3.1415315,0.0001
c.HALLMARK_MTORC1_SIGNALING,196,2.857043,0.0001
d.HALLMARK_UNFOLDED_PROTEIN_RESPONSE,108,2.6073344,0.0001
e.HALLMARK_ADIPOGENESIS,192,2.5460107,0.0001
f.HALLMARK_MYC_TARGETS_V1,195,2.3561625,0.0001
g.HALLMARK_GLYCOLYSIS,196,2.2342465,0.0001
h.HALLMARK_PANCREAS_BETA_CELLS,26,2.192408,0.0001
i.HALLMARK_FATTY_ACID_METABOLISM,149,2.1595314,0.0001
j.HALLMARK_COMPLEMENT,195,2.1000576,0.0001
k.HALLMARK_ANDROGEN_RESPONSE,96,2.0930128,0.0001
l.HALLMARK_E2F_TARGETS,198,1.9634876,0.0001
m.HALLMARK_PEROXISOME,99,1.8627303,8.69E-04
n.HALLMARK_UV_RESPONSE_UP,153,1.8577447,8.07E-04
o.HALLMARK_COAGULATION,125,1.8436465,7.53E-04
p.HALLMARK_BILE_ACID_METABOLISM,103,1.7984642,0.001485181
q.HALLMARK_XENOBIOTIC_METABOLISM,186,1.7783883,0.001644876
r.HALLMARK_G2M_CHECKPOINT,195,1.7674578,0.001899648
s.HALLMARK_CHOLESTEROL_HOMEOSTASIS,72,1.7528677,0.001969707
t.HALLMARK_SPERMATOGENESIS,108,1.6821908,0.004125636